Timestamp,station,distination,frequency,time_slot,wait_time,case    ,worst_day,use_bus,why_taxi_over_bus,worst_time_place,solution
06/06/2026 18:18:26,قمعون أكودة,المنشية حمام سوسة,كل يوم,الصباح 07:00–09:00,15-30 min,"يمر تاكسي جماعي ممتلئ, يمر تاكسي جماعي لكن الناس يتدافعون ولا تجد مكانا",الأحد,نادراً,الحافلة لا تأتي في وقتها,Akouda,
06/06/2026 18:27:02,مفترق بانوراما,مفترق موبلاتكس حمام سوسة,مرة أو مرتين,الضحى 09:00–11:00,5-15 min,يمر تاكسي جماعي ممتلئ,الأحد,نعم أحياناً,الحافلة لا تأتي في وقتها,بانوراما,
06/06/2026 18:30:13,قمعون أكودة,باب بحر,مرة أو مرتين,الضحى 09:00–11:00,15-30 min,يمر تاكسي جماعي ممتلئ,الأحد,نادراً,التاكسي الجماعي أسرع,في العشية وقت مرواح الخدامة,إنشاء محطة بأكودة 
06/06/2026 18:36:21,محطة مستشفى فرحات حشاد,محطة مستشفى فرحات حشاد,3 الى 5 مرات,بعد الظهر 16:00–18:00,more than 30 min,"يمر تاكسي جماعي ممتلئ, لا يمر تاكسي جماعي لفترة طويلة, يمر تاكسي جماعي لكن الناس يتدافعون ولا تجد مكانا",الاثنين,نعم أحياناً,الحافلة لا تأتي في وقتها,باب بحر على الساعة الخامسة مساء,تكثيف دوريات شرطة المرور ، تسهيل الإجراءات لتقديم شكاوي و بلاغات في حال تجاوزات
06/06/2026 18:40:24,معهد علي بورقيبة القلعة الكبرى,خزامة,كل يوم,الصباح 07:00–09:00,more than 30 min,يمر تاكسي جماعي لكن الناس يتدافعون ولا تجد مكانا,السبت,لا  أبداً,,رومبوان الرزڨي,محطة تاكسي خاصة
06/06/2026 18:41:42,المراح القلعة الكبرى,باب بحر,3 الى 5 مرات,الصباح 07:00–09:00,more than 30 min,يمر تاكسي جماعي لكن الناس يتدافعون ولا تجد مكانا,الاثنين,نعم أحياناً,الحافلة لا تأتي في وقتها,8,
06/06/2026 18:42:23,المراح القلعة الكبرى,مفترق حنبعل أكودة,3 الى 5 مرات,بعد الظهر 16:00–18:00,5-15 min,"يمر تاكسي جماعي ممتلئ, يمر تاكسي جماعي لكن الناس يتدافعون ولا تجد مكانا",الاثنين,لا  أبداً,,الصباح الباكر,تغيير اوقات العمل
06/06/2026 18:44:14,(la poste) البريد  القلعة الكبرى,معهد علي بورقيبة القلعة الكبرى,كل يوم,الصباح 07:00–09:00,less than 5 min,"يمر تاكسي جماعي ممتلئ, يمر تاكسي جماعي اتجاهه سهلول",الاثنين,لا  أبداً,,أمام معهم علي بورڨيبة,تكثيف سيارات الأجرة
06/06/2026 18:45:19,(la poste) البريد  القلعة الكبرى,المنشية حمام سوسة,كل يوم,الصباح 07:00–09:00,more than 30 min,"يمر تاكسي جماعي ممتلئ, يمر تاكسي جماعي اتجاهه سهلول, لا يمر تاكسي جماعي لفترة طويلة, يمر تاكسي جماعي لكن الناس يتدافعون ولا تجد مكانا",الاثنين,لا  أبداً,,المنشية 17:00,توفير عدد اكبر من الحافلات و من التاكسي الجماعي
06/06/2026 18:45:30,(la poste) البريد  القلعة الكبرى,باب بحر,كل يوم,الضحى 09:00–11:00,5-15 min,"يمر تاكسي جماعي ممتلئ, يمر تاكسي جماعي لكن الناس يتدافعون ولا تجد مكانا",الخميس,نادراً,التاكسي الجماعي متوفر أكثر,في الصباح الباكر و في محطة المراح,توفير تكسيات مخصصة للطلبة و التلاميذ لأن أكثر مشاكل الإزدحام و عدم توقف أو توفر التاكسي هو أن السائق لا يتوقف لتلميذ أو شخص يعرف أنه سيركب لمدة قصيرة و هذه من أكبر المشاكل التي يتعرض لها أشخاص مثلي من ناحيتي الخاصة
06/06/2026 18:47:45,(la poste) البريد  القلعة الكبرى,باب بحر,كل يوم,الضحى 09:00–11:00,5-15 min,"يمر تاكسي جماعي ممتلئ, يمر تاكسي جماعي لكن الناس يتدافعون ولا تجد مكانا",الخميس,نادراً,التاكسي الجماعي متوفر أكثر,في الصباح الباكر في محطة المراح,توفير تكسيات للطلبة و التلاميذ 
06/06/2026 18:51:08,(la poste) البريد  القلعة الكبرى,المنشية حمام سوسة,كل يوم,الصباح 07:00–09:00,15-30 min,"يمر تاكسي جماعي ممتلئ, يمر تاكسي جماعي لكن الناس يتدافعون ولا تجد مكانا",الاثنين,نعم أحياناً,التاكسي الجماعي متوفر أكثر,,
06/06/2026 18:51:26,(la poste) البريد  القلعة الكبرى,باب بحر,3 الى 5 مرات,الصباح 07:00–09:00,15-30 min,يمر تاكسي جماعي لكن الناس يتدافعون ولا تجد مكانا,الاثنين,لا  أبداً,,,
06/06/2026 18:51:57,المراح القلعة الكبرى,معهد علي بورقيبة القلعة الكبرى,3 الى 5 مرات,الصباح 07:00–09:00,5-15 min,يمر تاكسي جماعي لكن الناس يتدافعون ولا تجد مكانا,الاثنين,نادراً,الحافلة لا تأتي في وقتها,Sbeh ,Yzidu les taxi 
06/06/2026 18:58:02,باب بحر,باب بحر,مرة أو مرتين,بعد الظهر 16:00–18:00,5-15 min,لا يمر تاكسي جماعي لفترة طويلة,الاثنين,نعم أحياناً,الحافلة لا تمر بمحطتي,الاماكن الاكثر اكتضاضا,
06/06/2026 19:15:18,سير عويتي القلعة الكبرى,المنشية حمام سوسة,كل يوم,الصباح 07:00–09:00,more than 30 min,"يمر تاكسي جماعي ممتلئ, لا يمر تاكسي جماعي لفترة طويلة, يمر تاكسي جماعي لكن الناس يتدافعون ولا تجد مكانا",الاثنين,نادراً,التاكسي الجماعي متوفر أكثر,,
06/06/2026 19:16:11,قمعون أكودة,المنشية حمام سوسة,كل يوم,الضحى 09:00–11:00,15-30 min,يمر تاكسي جماعي ممتلئ,الاثنين,نعم أحياناً,التاكسي الجماعي متوفر أكثر,Kol blasa fi akouda sur tout fel sbe7 m3a wa9et el mechi lel 5edma wel 9raya,انشاء محطة باكودة و توفير المزيد من التاكسيات
06/06/2026 19:23:45,الوردة أكودة,باب بحر,3 الى 5 مرات,الصباح 07:00–09:00,15-30 min,يمر تاكسي جماعي ممتلئ,الاثنين,نعم أحياناً,التاكسي الجماعي متوفر أكثر,Akouda,توفير تاكسي أكودة سوسة
06/06/2026 19:25:21,الوردة أكودة,باب بحر,3 الى 5 مرات,المساء 18:00–20:00,15-30 min,يمر تاكسي جماعي لكن الناس يتدافعون ولا تجد مكانا,الاثنين,نادراً,الحافلة لا تأتي في وقتها,,
06/06/2026 19:31:13,الوردة أكودة,مفترق بانوراما,3 الى 5 مرات,بعد الظهر 16:00–18:00,15-30 min,"يمر تاكسي جماعي ممتلئ, يمر تاكسي جماعي اتجاهه سهلول, يمر تاكسي جماعي لكن الناس يتدافعون ولا تجد مكانا",السبت,نعم أحياناً,التاكسي الجماعي أسرع,,
06/06/2026 19:31:18,الوردة أكودة,باب بحر,كل يوم,الصباح 07:00–09:00,5-15 min,يمر تاكسي جماعي لكن الناس يتدافعون ولا تجد مكانا,الاثنين,نادراً,التاكسي الجماعي أسرع,قمعون,توفير خط من اكودة الى بابا بحر
06/06/2026 19:31:41,(la poste) البريد  القلعة الكبرى,محطة مستشفى فرحات حشاد,مرة أو مرتين,الصباح 07:00–09:00,more than 30 min,يمر تاكسي جماعي ممتلئ,الاثنين,نادراً,الحافلة لا تأتي في وقتها,Beb bhar,Metro
06/06/2026 19:32:59,الحي الجديد (مخبزة زايد) القلعة الكبرى,المنشية حمام سوسة,كل يوم,بعد الظهر 16:00–18:00,more than 30 min,"يمر تاكسي جماعي ممتلئ, يمر تاكسي جماعي لكن الناس يتدافعون ولا تجد مكانا",الاثنين,لا  أبداً,,7:30 akouda,
06/06/2026 19:41:41,قمعون أكودة,مفترق بانوراما,3 الى 5 مرات,الضحى 09:00–11:00,less than 5 min,"يمر تاكسي جماعي ممتلئ, يمر تاكسي جماعي اتجاهه سهلول, لا يمر تاكسي جماعي لفترة طويلة, يمر تاكسي جماعي لكن الناس يتدافعون ولا تجد مكانا",الاثنين,نادراً,التاكسي الجماعي متوفر أكثر,menchia,more taxis
06/06/2026 19:48:43,باب بحر,المنشية حمام سوسة,3 الى 5 مرات,الصباح 07:00–09:00,15-30 min,"يمر تاكسي جماعي ممتلئ, لا يمر تاكسي جماعي لفترة طويلة",الاثنين,نادراً,التاكسي الجماعي أسرع,Beb bhar,احترام الركاب و تكثيف من التكسيات الجماعية 
06/06/2026 20:08:07,سير عويتي القلعة الكبرى,باب بحر,3 الى 5 مرات,الصباح الباكر 05:00–07:00,5-15 min,"يمر تاكسي جماعي ممتلئ, يمر تاكسي جماعي لكن الناس يتدافعون ولا تجد مكانا",الاثنين,نعم أحياناً,الحافلة لا تأتي في وقتها,باب بحر 17h و القاعة الكبرى 8h,توقير الحافلات 
06/06/2026 20:10:15,معهد علي بورقيبة القلعة الكبرى,باب بحر,كل يوم,الظهيرة 12:00–14:00,5-15 min,يمر تاكسي جماعي لكن الناس يتدافعون ولا تجد مكانا,الاثنين,نادراً,الحافلة لا تأتي في وقتها,Sbah nhar thnin,Ywefrou kiran fi aw9ad 8h w 12h w 14h w 17h
06/06/2026 20:21:21,قمعون أكودة,المنشية حمام سوسة,كل يوم,الصباح 07:00–09:00,5-15 min,يمر تاكسي جماعي ممتلئ,الاثنين,لا  أبداً,,Beb bhar,
06/06/2026 20:44:37,معهد علي بورقيبة القلعة الكبرى,المنشية حمام سوسة,كل يوم,الصباح 07:00–09:00,more than 30 min,"يمر تاكسي جماعي ممتلئ, يمر تاكسي جماعي اتجاهه سهلول",الاثنين,نعم أحياناً,الحافلة لا تأتي في وقتها,7:30,تأسيس محطة تاكسي في أكودة
06/06/2026 21:07:22,قمعون أكودة,المنشية حمام سوسة,كل يوم,الصباح 07:00–09:00,more than 30 min,"يمر تاكسي جماعي ممتلئ, يمر تاكسي جماعي لكن الناس يتدافعون ولا تجد مكانا",الاثنين,نادراً,التاكسي الجماعي أسرع,قمعون في الصباح,توفير رخص  تاكسي جماعي اكثر و محطة اكودة و باب بحر
06/06/2026 21:12:26,سير عويتي القلعة الكبرى,معهد علي بورقيبة القلعة الكبرى,كل يوم,الصباح 07:00–09:00,more than 30 min,"لا يمر تاكسي جماعي لفترة طويلة, يمر تاكسي جماعي لكن الناس يتدافعون ولا تجد مكانا",الاثنين,نادراً,الحافلة لا تأتي في وقتها,المراح و 7:30,توفير حافلات كل نصف ساعة لان الحافلة لا تأتي في اغلب الاوقات فعلت اشتراك واستعملته اربع مرات عام كامل لانها لاتأتي  كما اجبار التاكسي اذا كان فارغ على الوقوف لان اغلب التاكسي فارغ و لا يقف
06/06/2026 21:24:44,قمعون أكودة,باب بحر,مرة أو مرتين,الظهيرة 12:00–14:00,5-15 min,"يمر تاكسي جماعي ممتلئ, يمر تاكسي جماعي لكن الناس يتدافعون ولا تجد مكانا",الاثنين,نادراً,التاكسي الجماعي متوفر أكثر,,métro w tandhim aw9at lkiran akthar 
06/06/2026 21:28:54,(la poste) البريد  القلعة الكبرى,المنشية حمام سوسة,3 الى 5 مرات,الصباح 07:00–09:00,more than 30 min,"يمر تاكسي جماعي ممتلئ, يمر تاكسي جماعي لكن الناس يتدافعون ولا تجد مكانا",الاثنين,نادراً,التاكسي الجماعي أسرع,7 AM ,توفير حافلات
06/06/2026 21:31:28,الحي الجديد (مخبزة زايد) القلعة الكبرى,المنشية حمام سوسة,3 الى 5 مرات,الصباح 07:00–09:00,more than 30 min,"يمر تاكسي جماعي ممتلئ, يمر تاكسي جماعي لكن الناس يتدافعون ولا تجد مكانا",الاثنين,نادراً,الحافلة لا تأتي في وقتها,القلعة,تواجد تكاسي اكثر
06/06/2026 22:20:39,قمعون أكودة,قمعون أكودة,مرة أو مرتين,المساء 18:00–20:00,15-30 min,"يمر تاكسي جماعي ممتلئ, يمر تاكسي جماعي لكن الناس يتدافعون ولا تجد مكانا",الأحد,نعم أحياناً,التاكسي الجماعي متوفر أكثر,,وجود تاكسيت باكودة
06/06/2026 22:30:34,سير عويتي القلعة الكبرى,معهد علي بورقيبة القلعة الكبرى,كل يوم,الصباح 07:00–09:00,15-30 min,يمر تاكسي جماعي لكن الناس يتدافعون ولا تجد مكانا,الاثنين,نادراً,الحافلة لا تأتي في وقتها,7:30 الى 9:30 تقريبا أصعب وقت ,حضور حافلة كل نصف ساعة و خصوصا الحافلة المدرسية لتلاميذ معهد علي بورڤيبةالتي لم تتواجد مع موعد دخول التلاميذ خاصة 7:30 و13:30ا
06/06/2026 22:39:05,معهد علي بورقيبة القلعة الكبرى,باب بحر,كل يوم,الضحى 09:00–11:00,5-15 min,"يمر تاكسي جماعي ممتلئ, لا يمر تاكسي جماعي لفترة طويلة",الأحد,نعم أحياناً,التاكسي الجماعي متوفر أكثر,17:00,
06/06/2026 23:13:58,معهد علي بورقيبة القلعة الكبرى,قمعون أكودة,كل يوم,الصباح الباكر 05:00–07:00,5-15 min,يمر تاكسي جماعي اتجاهه سهلول,الأربعاء,نادراً,التاكسي الجماعي متوفر أكثر, 7 صباحا,
06/06/2026 23:23:43,الحي الجديد (مخبزة زايد) القلعة الكبرى,باب بحر,مرة أو مرتين,الظهيرة 12:00–14:00,less than 5 min,يمر تاكسي جماعي ممتلئ,الخميس,نادراً,التاكسي الجماعي أسرع,L mrah,
06/06/2026 23:28:17,سير عويتي القلعة الكبرى,المنشية حمام سوسة,كل يوم,الصباح 07:00–09:00,15-30 min,"يمر تاكسي جماعي ممتلئ, يمر تاكسي جماعي لكن الناس يتدافعون ولا تجد مكانا",الاثنين,نادراً,التاكسي الجماعي أسرع,Sbeh,
07/06/2026 12:41:41,المنشية حمام سوسة,المنشية حمام سوسة,3 الى 5 مرات,الظهيرة 12:00–14:00,5-15 min,لا يمر تاكسي جماعي لفترة طويلة,الاثنين,لا  أبداً,,,
07/06/2026 12:42:28,معهد علي بورقيبة القلعة الكبرى,خزامة,3 الى 5 مرات,المساء 18:00–20:00,less than 5 min,"يمر تاكسي جماعي ممتلئ, يمر تاكسي جماعي اتجاهه سهلول",الاثنين,نادراً,التاكسي الجماعي متوفر أكثر,,
07/06/2026 12:43:01,(la poste) البريد  القلعة الكبرى,(la poste) البريد  القلعة الكبرى,مرة أو مرتين,الضحى 09:00–11:00,15-30 min,يمر تاكسي جماعي لكن الناس يتدافعون ولا تجد مكانا,الاثنين,لا  أبداً,,,
07/06/2026 12:51:56,المراح القلعة الكبرى,باب بحر,كل يوم,الصباح 07:00–09:00,more than 30 min,"يمر تاكسي جماعي ممتلئ, يمر تاكسي جماعي لكن الناس يتدافعون ولا تجد مكانا",الاثنين,نادراً,التاكسي الجماعي أسرع,في الصباح الباكر يصعب ركوب تاكسي خاصة في محطة المراح ,اقترح تطبيق للحجز المسبق يعني الراكب يحجز مقعده قبل الوصول وتوفير تكسيات إضافية في ساعات الذروة 
07/06/2026 14:11:19,الوردة أكودة,الوردة أكودة,كل يوم,الصباح 07:00–09:00,more than 30 min,يمر تاكسي جماعي ممتلئ,الاثنين,لا  أبداً,,,تكثير من وسائل النقل و التحسين في جودة التعامل
07/06/2026 14:18:43,سير عويتي القلعة الكبرى,المنشية حمام سوسة,مرة أو مرتين,الظهيرة 12:00–14:00,5-15 min,"يمر تاكسي جماعي ممتلئ, يمر تاكسي جماعي لكن الناس يتدافعون ولا تجد مكانا",الاثنين,نادراً,التاكسي الجماعي متوفر أكثر,سيرعويتي نهار الاثنين الصباح,
07/06/2026 14:27:39,الحي الجديد (مخبزة زايد) القلعة الكبرى,باب بحر,مرة أو مرتين,بعد الظهر 16:00–18:00,5-15 min,يمر تاكسي جماعي ممتلئ,السبت,نادراً,التاكسي الجماعي أسرع,,
07/06/2026 15:23:40,(la poste) البريد  القلعة الكبرى,المنشية حمام سوسة,كل يوم,الصباح 07:00–09:00,more than 30 min,يمر تاكسي جماعي لكن الناس يتدافعون ولا تجد مكانا,الاثنين,نادراً,التاكسي الجماعي أسرع,7h du matin  la poste,Kif nrkbou f sens inverse yani mchin dardour yrkbouna 5ater. Fl aada yjiw ferghin mais mey9foulnch
07/06/2026 15:45:37,سير عويتي القلعة الكبرى,باب بحر,كل يوم,الصباح 07:00–09:00,more than 30 min,يمر تاكسي جماعي لكن الناس يتدافعون ولا تجد مكانا,الاثنين,نعم أحياناً,التاكسي الجماعي أسرع,وصول لباب بحر لان صاحب التاكسى لا يريد ان يحملني يريد ان يركب اكثر من شخص ينزلون في محطات قريبة,
07/06/2026 16:07:35,(la poste) البريد  القلعة الكبرى,باب بحر,كل يوم,الصباح 07:00–09:00,15-30 min,يمر تاكسي جماعي لكن الناس يتدافعون ولا تجد مكانا,الاثنين,لا  أبداً,,,
07/06/2026 20:07:47,المراح القلعة الكبرى,الحي الجديد (مخبزة زايد) القلعة الكبرى,3 الى 5 مرات,بعد الظهر 16:00–18:00,less than 5 min,يمر تاكسي جماعي اتجاهه سهلول,الاثنين,لا  أبداً,,,
11/06/2026 17:27:41,معهد علي بورقيبة القلعة الكبرى,خزامة,مرة أو مرتين,بعد الظهر 16:00–18:00,more than 30 min,"يمر تاكسي جماعي ممتلئ, لا يمر تاكسي جماعي لفترة طويلة, يمر تاكسي جماعي لكن الناس يتدافعون ولا تجد مكانا",الجمعة,لا  أبداً,,El menchiya fel 3chiya,
24/06/2026 17:43:55,مفترق حنبعل أكودة,باب بحر,كل يوم,الصباح 07:00–09:00,15-30 min,"يمر تاكسي جماعي ممتلئ, يمر تاكسي جماعي اتجاهه سهلول, يمر تاكسي جماعي لكن الناس يتدافعون ولا تجد مكانا",الاثنين,نعم أحياناً,الحافلة لا تأتي في وقتها,08----17,
24/06/2026 17:48:44,الحي الجديد (مخبزة زايد) القلعة الكبرى,باب بحر,كل يوم,الصباح 07:00–09:00,15-30 min,يمر تاكسي جماعي ممتلئ,الاثنين,نادراً,التاكسي الجماعي أسرع,,
24/06/2026 17:49:16,دردور القلعة الكبرى,مفترق موبلاتكس حمام سوسة,كل يوم,الصباح 07:00–09:00,more than 30 min,يمر تاكسي جماعي ممتلئ,الاثنين,نعم أحياناً,الحافلة لا تأتي في وقتها,الوقت الأصعب  7.15 ,توفير الحافلات 
24/06/2026 17:50:26,المراح القلعة الكبرى,خزامة,3 الى 5 مرات,الصباح الباكر 05:00–07:00,less than 5 min,يمر تاكسي جماعي ممتلئ,الاثنين,لا  أبداً,,Place : mrah Time: 8 h /17h,Les taxis ywaliw ya9fou mech yet3ada fare8 W ykahli le3bed W ywali 3andna akther bus 
24/06/2026 17:52:47,سير عويتي القلعة الكبرى,خزامة,كل يوم,الصباح 07:00–09:00,5-15 min,"يمر تاكسي جماعي ممتلئ, يمر تاكسي جماعي لكن الناس يتدافعون ولا تجد مكانا",الاثنين,نادراً,التاكسي الجماعي متوفر أكثر,,تركيز دورية شرطة في الصباح و المساء 
24/06/2026 17:55:28,المراح القلعة الكبرى,باب بحر,مرة أو مرتين,الصباح 07:00–09:00,15-30 min,"يمر تاكسي جماعي ممتلئ, يمر تاكسي جماعي لكن الناس يتدافعون ولا تجد مكانا",الاثنين,نادراً,التاكسي الجماعي أسرع,8,المزيد من التاكسيات و الحافلات 
24/06/2026 17:55:32,دردور القلعة الكبرى,خزامة,كل يوم,الظهيرة 12:00–14:00,15-30 min,يمر تاكسي جماعي ممتلئ,الاثنين,لا  أبداً,,12h,Texi compteur kalaa kbira
24/06/2026 17:55:32,المراح القلعة الكبرى,باب بحر,مرة أو مرتين,الصباح 07:00–09:00,15-30 min,"يمر تاكسي جماعي ممتلئ, يمر تاكسي جماعي لكن الناس يتدافعون ولا تجد مكانا",الاثنين,نادراً,التاكسي الجماعي أسرع,8,المزيد من التاكسيات و الحافلات 
24/06/2026 17:57:20,المراح القلعة الكبرى,باب بحر,كل يوم,الصباح 07:00–09:00,15-30 min,يمر تاكسي جماعي لكن الناس يتدافعون ولا تجد مكانا,الاثنين,نعم أحياناً,الحافلة لا تأتي في وقتها,,
24/06/2026 17:57:47,معهد علي بورقيبة القلعة الكبرى,باب بحر,كل يوم,الضحى 09:00–11:00,more than 30 min,يمر تاكسي جماعي ممتلئ,الاثنين,نعم أحياناً,التاكسي الجماعي أسرع,,
24/06/2026 18:03:02,المراح القلعة الكبرى,باب بحر,كل يوم,الصباح 07:00–09:00,more than 30 min,يمر تاكسي جماعي ممتلئ,الاثنين,نعم أحياناً,الحافلة لا تأتي في وقتها,كل الوقات في صعوبة ,
24/06/2026 18:04:16,دردور القلعة الكبرى,خزامة,كل يوم,الصباح 07:00–09:00,more than 30 min,يمر تاكسي جماعي لكن الناس يتدافعون ولا تجد مكانا,الاثنين,نادراً,الحافلة لا تأتي في وقتها,دردور صباحا من الساعة 7 للتاسعة تقريبا ,تنظيم أوقات عمل الحافلات هاذا و إن وجدت من الأساس 
24/06/2026 18:04:27,معهد علي بورقيبة القلعة الكبرى,معهد علي بورقيبة القلعة الكبرى,مرة أو مرتين,الضحى 09:00–11:00,more than 30 min,يمر تاكسي جماعي ممتلئ,الاثنين,نادراً,الحافلة لا تأتي في وقتها,,توفير اكثر حافلات أو قطار إن أمكن 
24/06/2026 18:06:29,المراح القلعة الكبرى,باب بحر,كل يوم,الصباح 07:00–09:00,5-15 min,يمر تاكسي جماعي ممتلئ,الاثنين,لا  أبداً,,,
24/06/2026 18:06:33,المراح القلعة الكبرى,المنشية حمام سوسة,مرة أو مرتين,بعد الظهر 16:00–18:00,5-15 min,يمر تاكسي جماعي ممتلئ,الاثنين,نعم أحياناً,,الصباح,نحبو ميترو الساحل و زيادة عدد الحافلات
24/06/2026 18:06:53,سير عويتي القلعة الكبرى,سير عويتي القلعة الكبرى,كل يوم,الصباح 07:00–09:00,more than 30 min,يمر تاكسي جماعي ممتلئ,الاثنين,نعم أحياناً,الحافلة لا تأتي في وقتها,المراح من 8صباحا الى غاية 10,تحرير النقل و اعني الاستغناء عن الرخص و الاكتفاء بكراس شروط و البقاء للاصلح
24/06/2026 18:08:05,الحي الجديد (مخبزة زايد) القلعة الكبرى,محطة مستشفى فرحات حشاد,3 الى 5 مرات,الصباح 07:00–09:00,5-15 min,يمر تاكسي جماعي ممتلئ,الجمعة,لا  أبداً,,,
24/06/2026 18:10:14,الحي الجديد (مخبزة زايد) القلعة الكبرى,المنشية حمام سوسة,3 الى 5 مرات,الضحى 09:00–11:00,more than 30 min,"يمر تاكسي جماعي ممتلئ, يمر تاكسي جماعي لكن الناس يتدافعون ولا تجد مكانا",الاثنين,لا  أبداً,,,
24/06/2026 18:10:20,المراح القلعة الكبرى,محطة مستشفى فرحات حشاد,كل يوم,الصباح 07:00–09:00,15-30 min,يمر تاكسي جماعي لكن الناس يتدافعون ولا تجد مكانا,الاثنين,نادراً,الحافلة لا تأتي في وقتها,7h15,تطوير النقل الجماعي و زيادة عدد الحافلات 
24/06/2026 18:13:04,معهد علي بورقيبة القلعة الكبرى,معهد علي بورقيبة القلعة الكبرى,كل يوم,الصباح 07:00–09:00,15-30 min,يمر تاكسي جماعي ممتلئ,الاثنين,لا  أبداً,,امام معهد علي بورقيبة, مضاعفة في اعداد التاكسي
24/06/2026 18:13:40,المراح القلعة الكبرى,باب بحر,مرة أو مرتين,الصباح 07:00–09:00,more than 30 min,يمر تاكسي جماعي لكن الناس يتدافعون ولا تجد مكانا,الاثنين,نعم أحياناً,التاكسي الجماعي أسرع,وقت خروج العملة,توفير حافلات
24/06/2026 18:14:52,الحي الجديد (مخبزة زايد) القلعة الكبرى,باب بحر,كل يوم,الصباح 07:00–09:00,more than 30 min,يمر تاكسي جماعي ممتلئ,الاثنين,نادراً,التاكسي الجماعي متوفر أكثر,Du 7h au 10h kalaa kebira vers Sousse et du 17h au 18h Sousse vers kalaa kebira,Investir dans une ligne du métro 
24/06/2026 18:15:27,سير عويتي القلعة الكبرى,محطة مستشفى فرحات حشاد,كل يوم,الصباح الباكر 05:00–07:00,more than 30 min,يمر تاكسي جماعي لكن الناس يتدافعون ولا تجد مكانا,الاثنين,نعم أحياناً,التاكسي الجماعي أسرع,Sousse ,Izido fi taxyat
24/06/2026 18:16:03,الحي الجديد (مخبزة زايد) القلعة الكبرى,باب بحر,كل يوم,الصباح 07:00–09:00,more than 30 min,"يمر تاكسي جماعي ممتلئ, يمر تاكسي جماعي اتجاهه سهلول, يمر تاكسي جماعي لكن الناس يتدافعون ولا تجد مكانا",الاثنين,نعم أحياناً,التاكسي الجماعي أسرع,mandra-beb bhar,louage mandra-beb bhar
24/06/2026 18:17:00,الحي الجديد (مخبزة زايد) القلعة الكبرى,باب بحر,3 الى 5 مرات,الصباح 07:00–09:00,more than 30 min,"يمر تاكسي جماعي ممتلئ, يمر تاكسي جماعي لكن الناس يتدافعون ولا تجد مكانا",الاثنين,نعم أحياناً,التاكسي الجماعي أسرع,المراح ,تنظيم التكسيات بعون مرور
24/06/2026 18:18:02,(la poste) البريد  القلعة الكبرى,خزامة,3 الى 5 مرات,بعد الظهر 16:00–18:00,15-30 min,يمر تاكسي جماعي ممتلئ,الاثنين,لا  أبداً,,7-8 as3eb wa9t tal9a fih blasa fi taci,Nzido taxiet
24/06/2026 18:18:13,المراح القلعة الكبرى,مفترق موبلاتكس حمام سوسة,كل يوم,الصباح الباكر 05:00–07:00,5-15 min,يمر تاكسي جماعي ممتلئ,الاثنين,نعم أحياناً,التاكسي الجماعي متوفر أكثر,Mandra ,Taxi en mandra
24/06/2026 18:18:34,المراح القلعة الكبرى,باب بحر,كل يوم,الصباح 07:00–09:00,more than 30 min,"يمر تاكسي جماعي ممتلئ, يمر تاكسي جماعي لكن الناس يتدافعون ولا تجد مكانا",الاثنين,لا  أبداً,,المراح ,انجاز خط  مترو خفيف 
24/06/2026 18:18:54,(la poste) البريد  القلعة الكبرى,باب بحر,مرة أو مرتين,الضحى 09:00–11:00,more than 30 min,يمر تاكسي جماعي ممتلئ,الثلاثاء,نادراً,الحافلة لا تأتي في وقتها,كل الاوقات صعبة,الحل هو الاكثار في عدد التكسيات مع التخفيد في سعر الكورسة اقل من 10كلمتر
24/06/2026 18:18:57,المراح القلعة الكبرى,باب بحر,كل يوم,الصباح 07:00–09:00,15-30 min,يمر تاكسي جماعي لكن الناس يتدافعون ولا تجد مكانا,الاثنين,نعم أحياناً,التاكسي الجماعي متوفر أكثر,المراح في صباح,احياء مشروع مترو الساحل
24/06/2026 18:18:58,دردور القلعة الكبرى,باب بحر,كل يوم,الصباح 07:00–09:00,more than 30 min,يمر تاكسي جماعي ممتلئ,الاثنين,نعم أحياناً,الحافلة لا تأتي في وقتها,08:00 صباحا من دردور,ان يكون هناك رقابة من قبل الشرطة لتسهيل العملية لان الذين يقودون الحافلة متذمرون و لا يريدون الوقوف خصوصا في آخر محطة 
24/06/2026 18:21:08,الحي الجديد (مخبزة زايد) القلعة الكبرى,المنشية حمام سوسة,كل يوم,الصباح 07:00–09:00,more than 30 min,يمر تاكسي جماعي ممتلئ,الاثنين,لا  أبداً,,7am,
24/06/2026 18:21:20,دردور القلعة الكبرى, المنشية حمام سوسة,كل يوم,الصباح 07:00–09:00,5-15 min,يمر تاكسي جماعي اتجاهه سهلول,الاثنين,نادراً,التاكسي الجماعي أسرع,المراح 7h30,محطة مترو القلعة سوسة
24/06/2026 18:22:33,المراح القلعة الكبرى,محطة مستشفى فرحات حشاد,3 الى 5 مرات,الصباح 07:00–09:00,5-15 min,"يمر تاكسي جماعي ممتلئ, يمر تاكسي جماعي لكن الناس يتدافعون ولا تجد مكانا",الاثنين,نعم أحياناً,التاكسي الجماعي أسرع,,
24/06/2026 18:22:36,معهد علي بورقيبة القلعة الكبرى,باب بحر,كل يوم,الصباح 07:00–09:00,more than 30 min,يمر تاكسي جماعي ممتلئ,الاثنين,نعم أحياناً,التاكسي الجماعي أسرع,الحي الجديد بداية من السابعة صباحا و باب بحر بداية من الخامسة مساءا,
24/06/2026 18:25:38,الحي الجديد (مخبزة زايد) القلعة الكبرى,خزامة,كل يوم,بعد الظهر 16:00–18:00,5-15 min,"يمر تاكسي جماعي ممتلئ, يمر تاكسي جماعي اتجاهه سهلول, يمر تاكسي جماعي لكن الناس يتدافعون ولا تجد مكانا",الاثنين,نادراً,التاكسي الجماعي أسرع,8h,تكثير التاكسي
24/06/2026 18:25:52,سير عويتي القلعة الكبرى,معهد علي بورقيبة القلعة الكبرى,كل يوم,الصباح 07:00–09:00,more than 30 min,"يمر تاكسي جماعي ممتلئ, يمر تاكسي جماعي لكن الناس يتدافعون ولا تجد مكانا",الاثنين,نادراً,الحافلة لا تأتي في وقتها,12,إضافة وسائل نقل
24/06/2026 18:29:11,المراح القلعة الكبرى,باب بحر,كل يوم,بعد الظهر 16:00–18:00,more than 30 min,يمر تاكسي جماعي لكن الناس يتدافعون ولا تجد مكانا,السبت,نعم أحياناً,التاكسي الجماعي أسرع,باب بحر الخمسة متاع لعشية,Metro
24/06/2026 18:31:34,معهد علي بورقيبة القلعة الكبرى,باب بحر,3 الى 5 مرات,الصباح الباكر 05:00–07:00,5-15 min,لا يمر تاكسي جماعي لفترة طويلة,الاثنين,نادراً,الحافلة لا تأتي في وقتها,المندرة,جعل خطوط جديدة مثل سوسة الجرف 
24/06/2026 18:32:08,مفترق موبلاتكس حمام سوسة,محطة مستشفى فرحات حشاد,كل يوم,الصباح 07:00–09:00,5-15 min,يمر تاكسي جماعي ممتلئ,الاثنين,لا  أبداً,,8H,
24/06/2026 18:32:56,المراح القلعة الكبرى,خزامة,3 الى 5 مرات,الصباح 07:00–09:00,15-30 min,يمر تاكسي جماعي ممتلئ,الاثنين,نعم أحياناً,التاكسي الجماعي أسرع,المراح,
24/06/2026 18:35:20,المراح القلعة الكبرى,المراح القلعة الكبرى,كل يوم,الصباح 07:00–09:00,more than 30 min,يمر تاكسي جماعي لكن الناس يتدافعون ولا تجد مكانا,الاثنين,لا  أبداً,,Time at 8am and 5pm,
24/06/2026 18:35:52,سير عويتي القلعة الكبرى,المنشية حمام سوسة,3 الى 5 مرات,الصباح 07:00–09:00,5-15 min,يمر تاكسي جماعي ممتلئ,الاثنين,نعم أحياناً,التاكسي الجماعي أسرع,8:00 سرعويتي,زيادة الرخص المهنية 
24/06/2026 18:36:40,دردور القلعة الكبرى,دردور القلعة الكبرى,كل يوم,الصباح 07:00–09:00,more than 30 min,يمر تاكسي جماعي ممتلئ,الاثنين,نادراً,الحافلة لا تأتي في وقتها,Sahloul et 8h du matin ,Chweye e7tiram men taxistiya oo khedma bdhamir 
24/06/2026 18:38:59,المراح القلعة الكبرى,باب بحر,كل يوم,الصباح 07:00–09:00,more than 30 min,يمر تاكسي جماعي لكن الناس يتدافعون ولا تجد مكانا,الاثنين,نادراً,التاكسي الجماعي أسرع,المراح,مراقبة شديدة علي سائقي التاكسي اللذين لا يقفون لناس و اخر نقطة لهم حمام سوسة 
24/06/2026 18:38:59,المراح القلعة الكبرى,باب بحر,كل يوم,الصباح 07:00–09:00,more than 30 min,يمر تاكسي جماعي لكن الناس يتدافعون ولا تجد مكانا,الاثنين,لا  أبداً,,Le matin à partir 7h30 ,Métro 
24/06/2026 18:39:34,معهد علي بورقيبة القلعة الكبرى,المنشية حمام سوسة,كل يوم,الصباح الباكر 05:00–07:00,more than 30 min,"يمر تاكسي جماعي ممتلئ, يمر تاكسي جماعي اتجاهه سهلول, لا يمر تاكسي جماعي لفترة طويلة, يمر تاكسي جماعي لكن الناس يتدافعون ولا تجد مكانا",الاثنين,نعم أحياناً,التاكسي الجماعي أسرع,Bourguba w mra7 w sbe7 7 ,Plus de taxi
24/06/2026 18:40:37,المراح القلعة الكبرى,باب بحر,كل يوم,الصباح 07:00–09:00,more than 30 min,"يمر تاكسي جماعي ممتلئ, لا يمر تاكسي جماعي لفترة طويلة, يمر تاكسي جماعي لكن الناس يتدافعون ولا تجد مكانا",الاثنين,نادراً,التاكسي الجماعي أسرع,صباح حتى لل 11 و مراح و سرعواتي و حي جديدي الخروج من قلعة صعب,اكثر لواجات
24/06/2026 18:42:11,معهد علي بورقيبة القلعة الكبرى,باب بحر,3 الى 5 مرات,بعد الظهر 16:00–18:00,15-30 min,"يمر تاكسي جماعي ممتلئ, يمر تاكسي جماعي اتجاهه سهلول, لا يمر تاكسي جماعي لفترة طويلة, يمر تاكسي جماعي لكن الناس يتدافعون ولا تجد مكانا",الاثنين,نادراً,الحافلة لا تمر بمحطتي,,
24/06/2026 18:42:26,معهد علي بورقيبة القلعة الكبرى,مفترق بانوراما,كل يوم,الصباح 07:00–09:00,15-30 min,"يمر تاكسي جماعي ممتلئ, يمر تاكسي جماعي لكن الناس يتدافعون ولا تجد مكانا",الاثنين,لا  أبداً,,أوقات العمل من 08الى17,تكثيف عدد التاكسي الجماعي في ذلك الوقت 
24/06/2026 18:43:11,الحي الجديد (مخبزة زايد) القلعة الكبرى,باب بحر,كل يوم,الصباح 07:00–09:00,more than 30 min,"يمر تاكسي جماعي ممتلئ, يمر تاكسي جماعي لكن الناس يتدافعون ولا تجد مكانا",الاثنين,نادراً,التاكسي الجماعي أسرع,,
24/06/2026 18:43:17,سير عويتي القلعة الكبرى,باب بحر,مرة أو مرتين,الصباح 07:00–09:00,15-30 min,"يمر تاكسي جماعي ممتلئ, لا يمر تاكسي جماعي لفترة طويلة",الاثنين,نادراً,التاكسي الجماعي أسرع,,
24/06/2026 18:45:11,المراح القلعة الكبرى,سيدي سالم حمام سوسة,3 الى 5 مرات,الصباح 07:00–09:00,15-30 min,يمر تاكسي جماعي لكن الناس يتدافعون ولا تجد مكانا,الاثنين,نادراً,التاكسي الجماعي أسرع,,
24/06/2026 18:45:30,معهد علي بورقيبة القلعة الكبرى,معهد علي بورقيبة القلعة الكبرى,كل يوم,الصباح 07:00–09:00,5-15 min,يمر تاكسي جماعي لكن الناس يتدافعون ولا تجد مكانا,الاثنين,نادراً,التاكسي الجماعي أسرع,Dima wa9et d5oul sba7 wel merwe7 puisque enes lkol tod5ol w to5rej fared wa9et,Tawfir des ligne jdod kima metro wele yzidou fe 3ded l7eflet fe aw9at Eli fihom ze7ma fe blaset kol Se3e fema car tweli kol rbo3 Se3e 
24/06/2026 18:47:28,دردور القلعة الكبرى,باب بحر,كل يوم,الصباح 07:00–09:00,more than 30 min,"يمر تاكسي جماعي ممتلئ, يمر تاكسي جماعي اتجاهه سهلول, لا يمر تاكسي جماعي لفترة طويلة, يمر تاكسي جماعي لكن الناس يتدافعون ولا تجد مكانا",الاثنين,نعم أحياناً,الحافلة لا تأتي في وقتها,كل الاوقات,وجود حافلات من دردور إلى باب بحر كل نصف ساعة
24/06/2026 18:51:24,المراح القلعة الكبرى,باب بحر,كل يوم,الصباح 07:00–09:00,15-30 min,"يمر تاكسي جماعي ممتلئ, يمر تاكسي جماعي لكن الناس يتدافعون ولا تجد مكانا",الاثنين,لا  أبداً,,المراح,طائرة خاصة لكل مواطن 
24/06/2026 18:51:49,معهد علي بورقيبة القلعة الكبرى,محطة مستشفى فرحات حشاد,كل يوم,الصباح 07:00–09:00,more than 30 min,يمر تاكسي جماعي لكن الناس يتدافعون ولا تجد مكانا,الاثنين,نعم أحياناً,التاكسي الجماعي أسرع,الجرف,التاكسي الي يدخل فارغ يعبي الناس الواقفة ويلتزمو بالبلاكة موش الي سوسة يعبي كان حمام او يخلصو دوبل
24/06/2026 18:52:05,معهد علي بورقيبة القلعة الكبرى,باب بحر,كل يوم,الصباح 07:00–09:00,more than 30 min,"يمر تاكسي جماعي ممتلئ, يمر تاكسي جماعي لكن الناس يتدافعون ولا تجد مكانا",الاثنين,لا  أبداً,,وسط المدينة (المراح) محطة معهد علي بورقيبة,توفير وسائل نقل عمومية مثل الحافلة و الميترو في اوقات مختلفة ومنتظمة
24/06/2026 18:52:34,سير عويتي القلعة الكبرى,باب بحر,كل يوم,الصباح 07:00–09:00,more than 30 min,يمر تاكسي جماعي لكن الناس يتدافعون ولا تجد مكانا,الاثنين,نادراً,التاكسي الجماعي متوفر أكثر,كل الأوقات والأماكن صعبة,أقترح أن يتحلى سائق التاكسي بالأخلاق ولا يقوم باختيار من سيركب ولأي محطة يصل
24/06/2026 18:54:02,مفترق بانوراما,المراح القلعة الكبرى,كل يوم,بعد الظهر 16:00–18:00,less than 5 min,يمر تاكسي جماعي ممتلئ,الاثنين,نادراً,التاكسي الجماعي أسرع,,
24/06/2026 18:56:27,دردور القلعة الكبرى,دردور القلعة الكبرى,3 الى 5 مرات,الصباح 07:00–09:00,15-30 min,"يمر تاكسي جماعي ممتلئ, لا يمر تاكسي جماعي لفترة طويلة, يمر تاكسي جماعي لكن الناس يتدافعون ولا تجد مكانا",الاثنين,نعم أحياناً,التاكسي الجماعي أسرع,8 et 17 ,زيادة في الخط بين سوسة و القلعة الكبرى او التاكسيات الصباح الي يبداو يستناو في سوسة فارغين يجيو حتى ناقصين شوية من غادي و ينقضونا خير 
24/06/2026 18:57:02,المراح القلعة الكبرى,باب بحر,كل يوم,الصباح 07:00–09:00,15-30 min,يمر تاكسي جماعي لكن الناس يتدافعون ولا تجد مكانا,الاثنين,نعم أحياناً,التاكسي الجماعي أسرع,"الصباحً 7:00 ,9:00 من القلعةً الكبرى إلى سوسة خاصة",
24/06/2026 18:57:05,المراح القلعة الكبرى,باب بحر,كل يوم,الصباح 07:00–09:00,15-30 min,يمر تاكسي جماعي لكن الناس يتدافعون ولا تجد مكانا,الاثنين,نعم أحياناً,التاكسي الجماعي أسرع,"الصباحً 7:00 ,9:00 من القلعةً الكبرى إلى سوسة خاصة",
24/06/2026 18:57:17,الحي الجديد (مخبزة زايد) القلعة الكبرى,باب بحر,كل يوم,الصباح 07:00–09:00,5-15 min,"يمر تاكسي جماعي ممتلئ, يمر تاكسي جماعي اتجاهه سهلول",الاثنين,نادراً,التاكسي الجماعي أسرع,,
24/06/2026 18:58:28,سير عويتي القلعة الكبرى,خزامة,كل يوم,الضحى 09:00–11:00,more than 30 min,"يمر تاكسي جماعي ممتلئ, يمر تاكسي جماعي اتجاهه سهلول, لا يمر تاكسي جماعي لفترة طويلة, يمر تاكسي جماعي لكن الناس يتدافعون ولا تجد مكانا",الاثنين,نادراً,التاكسي الجماعي متوفر أكثر,Ben isa ,Ye7tarmou elrakeb eli yerkeb beflousou qqe soit win bech yahbet sousse wela hammem sousse
24/06/2026 18:59:33,المراح القلعة الكبرى,باب بحر,كل يوم,الصباح 07:00–09:00,more than 30 min,يمر تاكسي جماعي لكن الناس يتدافعون ولا تجد مكانا,الاثنين,لا  أبداً,,الصباح,زيادة التلكسي
24/06/2026 19:00:32,المراح القلعة الكبرى,باب بحر,كل يوم,الصباح 07:00–09:00,5-15 min,يمر تاكسي جماعي لكن الناس يتدافعون ولا تجد مكانا,الاثنين,نادراً,التاكسي الجماعي متوفر أكثر,من الساعة 7 صباحا الى الساعة 9:30 من اي منطقة في القلعة الكبرى خاصة اثناء الاوقات الدراسية , الحلول تتطلب انظباط من المواطن و سواق التاكيي
24/06/2026 19:00:49,الحي الجديد (مخبزة زايد) القلعة الكبرى,المنشية حمام سوسة,كل يوم,الصباح 07:00–09:00,more than 30 min,"يمر تاكسي جماعي ممتلئ, لا يمر تاكسي جماعي لفترة طويلة, يمر تاكسي جماعي لكن الناس يتدافعون ولا تجد مكانا",الاثنين,نادراً,التاكسي الجماعي أسرع,,
24/06/2026 19:01:43,معهد علي بورقيبة القلعة الكبرى,المنشية حمام سوسة,كل يوم,الصباح 07:00–09:00,15-30 min,يمر تاكسي جماعي ممتلئ,الاثنين,نادراً,التاكسي الجماعي أسرع,"8:00 , rond point kalaa sghiraa ( cafe canova) ",احداث خط جديد : القلعة - حمام سوسة 
24/06/2026 19:03:16,سير عويتي القلعة الكبرى,باب بحر,3 الى 5 مرات,الصباح 07:00–09:00,more than 30 min,يمر تاكسي جماعي لكن الناس يتدافعون ولا تجد مكانا,الاثنين,نادراً,التاكسي الجماعي أسرع,سرعويتي و المراح,الزيادة في اسطول التاكسي الجماعي
24/06/2026 19:05:33,سير عويتي القلعة الكبرى,مفترق موبلاتكس حمام سوسة,كل يوم,الصباح 07:00–09:00,15-30 min,"يمر تاكسي جماعي ممتلئ, يمر تاكسي جماعي لكن الناس يتدافعون ولا تجد مكانا",الاثنين,لا  أبداً,,,
24/06/2026 19:06:27,دردور القلعة الكبرى,باب بحر,كل يوم,الصباح 07:00–09:00,more than 30 min,"يمر تاكسي جماعي ممتلئ, لا يمر تاكسي جماعي لفترة طويلة, يمر تاكسي جماعي لكن الناس يتدافعون ولا تجد مكانا",الاثنين,نادراً,التاكسي الجماعي متوفر أكثر,,
24/06/2026 19:09:20,معهد علي بورقيبة القلعة الكبرى,المنشية حمام سوسة,3 الى 5 مرات,الصباح 07:00–09:00,15-30 min,"يمر تاكسي جماعي ممتلئ, يمر تاكسي جماعي لكن الناس يتدافعون ولا تجد مكانا",الاثنين,نادراً,التاكسي الجماعي متوفر أكثر,معهد علي بورقيبة,اعتماد وسائل نقل مثل الmini bus لديها طاقة استيعاب أعلى من التاكسي الجماعي
24/06/2026 19:09:43,دردور القلعة الكبرى,باب بحر,3 الى 5 مرات,الصباح 07:00–09:00,more than 30 min,"يمر تاكسي جماعي ممتلئ, يمر تاكسي جماعي لكن الناس يتدافعون ولا تجد مكانا",الاثنين,نادراً,التاكسي الجماعي متوفر أكثر,محطة دردور ,تنظيم اوقات الحافلات. انشاء محطة 
24/06/2026 19:10:20,معهد علي بورقيبة القلعة الكبرى,خزامة,3 الى 5 مرات,بعد الظهر 16:00–18:00,5-15 min,"يمر تاكسي جماعي ممتلئ, يمر تاكسي جماعي اتجاهه سهلول, لا يمر تاكسي جماعي لفترة طويلة",الاثنين,لا  أبداً,,القلعة الكبرى (8:00 / 12:00) سوسة باب بحر :(00 12/ 17:00),Metro 
24/06/2026 19:11:41,المراح القلعة الكبرى,المنشية حمام سوسة,3 الى 5 مرات,الصباح 07:00–09:00,5-15 min,يمر تاكسي جماعي ممتلئ,الاثنين,نعم أحياناً,الحافلة لا تمر بمحطتي,صباح 7:30 مكان على طول شارع غرة جوان و الحبيب بورقيبة,تقسيم التكسيات و الافراد بالمجموعات ل8 :كيما في المحطات النقل الجماعي بتكي ticket 
24/06/2026 19:11:59,الحي الجديد (مخبزة زايد) القلعة الكبرى,محطة مستشفى فرحات حشاد,كل يوم,الصباح 07:00–09:00,more than 30 min,"يمر تاكسي جماعي ممتلئ, يمر تاكسي جماعي لكن الناس يتدافعون ولا تجد مكانا",الاثنين,نادراً,التاكسي الجماعي أسرع,7:30,كار في الوقت و فيها بارشا بلايص
24/06/2026 19:21:52,المراح القلعة الكبرى,خزامة,مرة أو مرتين,الصباح 07:00–09:00,15-30 min,"يمر تاكسي جماعي ممتلئ, يمر تاكسي جماعي لكن الناس يتدافعون ولا تجد مكانا",الأربعاء,لا  أبداً,,7.9,"كار 7 كار 7,30 و كار 8"
24/06/2026 19:23:15,خزامة,المراح القلعة الكبرى,3 الى 5 مرات,الظهيرة 12:00–14:00,5-15 min,"يمر تاكسي جماعي ممتلئ, يمر تاكسي جماعي لكن الناس يتدافعون ولا تجد مكانا",الاثنين,نادراً,التاكسي الجماعي أسرع,,
24/06/2026 19:23:39,دردور القلعة الكبرى,باب بحر,كل يوم,الصباح الباكر 05:00–07:00,more than 30 min,لا يمر تاكسي جماعي لفترة طويلة,الاثنين,نادراً,التاكسي الجماعي أسرع,,
24/06/2026 19:24:07,الحي الجديد (مخبزة زايد) القلعة الكبرى,المنشية حمام سوسة,كل يوم,الصباح 07:00–09:00,more than 30 min,يمر تاكسي جماعي اتجاهه سهلول,الاثنين,نادراً,الحافلة لا تأتي في وقتها,من 7:00 / 8:00,توفير الحافلات 
24/06/2026 19:25:51,المراح القلعة الكبرى,خزامة,كل يوم,الصباح الباكر 05:00–07:00,less than 5 min,لا يمر تاكسي جماعي لفترة طويلة,الاثنين,لا  أبداً,,باب بحر ,المترو 
24/06/2026 19:26:12,(la poste) البريد  القلعة الكبرى,باب بحر,كل يوم,الصباح 07:00–09:00,15-30 min,"يمر تاكسي جماعي ممتلئ, يمر تاكسي جماعي اتجاهه سهلول, يمر تاكسي جماعي لكن الناس يتدافعون ولا تجد مكانا",الاثنين,نادراً,التاكسي الجماعي متوفر أكثر,المراح,زيادة الحافلات و توقير كثير المحطات و توجد الحافلات كل 20 دقيقة على الاقل
24/06/2026 19:26:34,(la poste) البريد  القلعة الكبرى,(la poste) البريد  القلعة الكبرى,كل يوم,الصباح 07:00–09:00,more than 30 min,يمر تاكسي جماعي لكن الناس يتدافعون ولا تجد مكانا,الاثنين,نادراً,التاكسي الجماعي أسرع,8:00,أن يقسمو التاكاسي على كامل محطات القلعة ليكون هناك نقطة انطلاق واضحة لكل المواطنين و هناك نسبة ركوب اكثر
24/06/2026 19:30:15,الحي الجديد (مخبزة زايد) القلعة الكبرى,باب بحر,مرة أو مرتين,الظهيرة 12:00–14:00,5-15 min,"يمر تاكسي جماعي ممتلئ, لا يمر تاكسي جماعي لفترة طويلة",الاثنين,لا  أبداً,,"7h , l8 9h , محطة الحي الجديد ",
24/06/2026 19:34:01,معهد علي بورقيبة القلعة الكبرى,باب بحر,مرة أو مرتين,الصباح 07:00–09:00,5-15 min,"يمر تاكسي جماعي ممتلئ, يمر تاكسي جماعي لكن الناس يتدافعون ولا تجد مكانا",الاثنين,نادراً,التاكسي الجماعي متوفر أكثر,سيرعويتي ,انشاء خط جديد يمر من طرق ثانوية 
24/06/2026 19:35:51,سير عويتي القلعة الكبرى,باب بحر,مرة أو مرتين,الصباح 07:00–09:00,15-30 min,"يمر تاكسي جماعي ممتلئ, يمر تاكسي جماعي اتجاهه سهلول, لا يمر تاكسي جماعي لفترة طويلة, يمر تاكسي جماعي لكن الناس يتدافعون ولا تجد مكانا",الاثنين,نادراً,التاكسي الجماعي متوفر أكثر,7:00-9:00 من القلعة الكبرى و 12:00-14:00 من باب بحر و 16:30-18:00 من باب بحر,
24/06/2026 19:37:17,المراح القلعة الكبرى,باب بحر,3 الى 5 مرات,الصباح 07:00–09:00,more than 30 min,يمر تاكسي جماعي لكن الناس يتدافعون ولا تجد مكانا,الاثنين,نادراً,التاكسي الجماعي أسرع,المراح ,التنظيم ثم التنظيم
24/06/2026 19:46:25,معهد علي بورقيبة القلعة الكبرى,محطة مستشفى فرحات حشاد,3 الى 5 مرات,الصباح 07:00–09:00,15-30 min,"يمر تاكسي جماعي ممتلئ, يمر تاكسي جماعي لكن الناس يتدافعون ولا تجد مكانا",الاثنين,نادراً,التاكسي الجماعي متوفر أكثر,,"""أنا شخصياً لا أستطيع ركوب الحافلة لأنني أشعر بالاختناق في الأماكن المزدحمة وأفقد القدرة على التنفس بشكل طبيعي. لذلِك، أتمنى لو نكثّف من وسائل النقل العام للتقليل من هذا الاكتظاظ. بالإضافة إلى ذلك، فإن تجربتي مع سائقي سيارات الأجرة المشتركة (""اللوَاج"") سيئة للغاية، لأنهم دائماً متوترون "
24/06/2026 19:47:31,المراح القلعة الكبرى,محطة مستشفى فرحات حشاد,كل يوم,الضحى 09:00–11:00,more than 30 min,يمر تاكسي جماعي لكن الناس يتدافعون ولا تجد مكانا,الثلاثاء,نعم أحياناً,الحافلة لا تأتي في وقتها,9 و 17 المراح والمنشية و فرحات حشاد ,قروب كرهبة كل كهبة تولي تلقى مجموعة حتى تقربها و تخلص 
24/06/2026 19:48:43,(la poste) البريد  القلعة الكبرى,المنشية حمام سوسة,كل يوم,الصباح 07:00–09:00,15-30 min,يمر تاكسي جماعي ممتلئ,الاثنين,لا  أبداً,,,تكثيف من عدد التكسييات ، مع أهمية توعية الناس و الالتزام بالاحترام و عدم التدافع و اللهفة بالنظام يمكننا حل كل شئ  دون دفع جري و اندفاع . او زيادة عدد الحافلات لنقص الإقبال الكبير على التاكسيات
24/06/2026 19:48:47,سير عويتي القلعة الكبرى,مفترق بانوراما,كل يوم,الصباح 07:00–09:00,5-15 min,يمر تاكسي جماعي لكن الناس يتدافعون ولا تجد مكانا,الاثنين,لا  أبداً,,,Je sais pas
24/06/2026 19:59:16,المراح القلعة الكبرى,باب بحر,مرة أو مرتين,الصباح 07:00–09:00,15-30 min,"يمر تاكسي جماعي ممتلئ, يمر تاكسي جماعي لكن الناس يتدافعون ولا تجد مكانا",الاثنين,نعم أحياناً,التاكسي الجماعي أسرع,,
24/06/2026 20:03:08,(la poste) البريد  القلعة الكبرى,(la poste) البريد  القلعة الكبرى,كل يوم,الصباح 07:00–09:00,more than 30 min,يمر تاكسي جماعي لكن الناس يتدافعون ولا تجد مكانا,الاثنين,نادراً,التاكسي الجماعي أسرع,7_9,توفير تاكسي compteur
24/06/2026 20:08:31,المراح القلعة الكبرى,مفترق بانوراما,كل يوم,الصباح 07:00–09:00,5-15 min,"يمر تاكسي جماعي ممتلئ, يمر تاكسي جماعي اتجاهه سهلول, لا يمر تاكسي جماعي لفترة طويلة, يمر تاكسي جماعي لكن الناس يتدافعون ولا تجد مكانا",الاثنين,لا  أبداً,,,
24/06/2026 20:12:53,المراح القلعة الكبرى,محطة مستشفى فرحات حشاد,كل يوم,الصباح 07:00–09:00,more than 30 min,يمر تاكسي جماعي لكن الناس يتدافعون ولا تجد مكانا,الاثنين,نادراً,التاكسي الجماعي أسرع,الصباح من الساعة السابعة حتى التاسعة و مساءا من الساعة الثالثة حتى السادسة (خاصة الساعة الخامسة مساءا),
24/06/2026 20:15:24,الحي الجديد (مخبزة زايد) القلعة الكبرى,محطة مستشفى فرحات حشاد,كل يوم,الصباح الباكر 05:00–07:00,5-15 min,"يمر تاكسي جماعي ممتلئ, يمر تاكسي جماعي اتجاهه سهلول, يمر تاكسي جماعي لكن الناس يتدافعون ولا تجد مكانا",الاثنين,لا  أبداً,,الوقت ابتداءا من 06:30,نوفروا نقل جماعي اكثر
24/06/2026 20:22:02,المراح القلعة الكبرى,مفترق بانوراما,مرة أو مرتين,بعد الظهر 16:00–18:00,15-30 min,"يمر تاكسي جماعي ممتلئ, يمر تاكسي جماعي لكن الناس يتدافعون ولا تجد مكانا",الاثنين,نعم أحياناً,التاكسي الجماعي أسرع,Mrah,Akthar nombre de taxi ou bien taxi compteur
24/06/2026 20:23:44,(la poste) البريد  القلعة الكبرى,المنشية حمام سوسة,كل يوم,الصباح 07:00–09:00,5-15 min,يمر تاكسي جماعي ممتلئ,الاثنين,لا  أبداً,,Station cité nouvelle la matinée ,Métro 😁
24/06/2026 20:41:46,المراح القلعة الكبرى,مفترق حنبعل أكودة,3 الى 5 مرات,الصباح 07:00–09:00,15-30 min,يمر تاكسي جماعي لكن الناس يتدافعون ولا تجد مكانا,الاثنين,نادراً,التاكسي الجماعي متوفر أكثر,المراح,تقسيم اللواجات حسب محطات
24/06/2026 20:45:37,المراح القلعة الكبرى,محطة مستشفى فرحات حشاد,3 الى 5 مرات,الصباح 07:00–09:00,more than 30 min,يمر تاكسي جماعي لكن الناس يتدافعون ولا تجد مكانا,الثلاثاء,نادراً,التاكسي الجماعي أسرع,7 صباحا في المراح,مادام هنالك أماكن فارغة يجبر السائق بالتوقف بوسيلة من الوسائل دون الاستفسار و فرز الركاب حسب وجهة نزولهم يمكن اللجوء شرطي المرور 
24/06/2026 20:49:05,المراح القلعة الكبرى,قمعون أكودة,كل يوم,الصباح 07:00–09:00,more than 30 min,يمر تاكسي جماعي لكن الناس يتدافعون ولا تجد مكانا,الاثنين,لا  أبداً,,أصبحت كل الأوقات صعبة ,خطية مالية لكل سائق تاكسي يختار من يصعد م ومن لا 
24/06/2026 20:52:14,دردور القلعة الكبرى,باب بحر,كل يوم,الصباح 07:00–09:00,more than 30 min,لا يمر تاكسي جماعي لفترة طويلة,الاثنين,نادراً,التاكسي الجماعي أسرع,,رقابة شديدة على التاكسي المخالف و مخالفات شديدة على التاكسي المخالف
24/06/2026 20:53:53,المراح القلعة الكبرى,باب بحر,3 الى 5 مرات,الصباح 07:00–09:00,more than 30 min,يمر تاكسي جماعي لكن الناس يتدافعون ولا تجد مكانا,الاثنين,نادراً,التاكسي الجماعي متوفر أكثر,المراح 08:00,Innou ywaliyou fema taxiyet conteur fel 9l3ee 
24/06/2026 20:59:04,المراح القلعة الكبرى,باب بحر,كل يوم,الصباح 07:00–09:00,15-30 min,"يمر تاكسي جماعي ممتلئ, يمر تاكسي جماعي اتجاهه سهلول, يمر تاكسي جماعي لكن الناس يتدافعون ولا تجد مكانا",الاثنين,نعم أحياناً,الحافلة لا تأتي في وقتها,المراح من 7:30 الي 9:30,كثرة سفرات الحافلة او على الاقل توفيرها في وقت الضرورة 
24/06/2026 21:17:28,المراح القلعة الكبرى,باب بحر,كل يوم,الصباح 07:00–09:00,15-30 min,"يمر تاكسي جماعي ممتلئ, يمر تاكسي جماعي لكن الناس يتدافعون ولا تجد مكانا",الاثنين,لا  أبداً,,بورقيبة ,
24/06/2026 21:27:12,دردور القلعة الكبرى,المنشية حمام سوسة,كل يوم,الصباح 07:00–09:00,5-15 min,"يمر تاكسي جماعي ممتلئ, يمر تاكسي جماعي اتجاهه سهلول, لا يمر تاكسي جماعي لفترة طويلة, يمر تاكسي جماعي لكن الناس يتدافعون ولا تجد مكانا",الاثنين,لا  أبداً,,دردور و سرعويتي,توفير اكثر عدد من التكسي جماعي و توفير الحافلات كل ساعة مثال
24/06/2026 21:41:39,المراح القلعة الكبرى,المنشية حمام سوسة,كل يوم,الصباح 07:00–09:00,more than 30 min,"يمر تاكسي جماعي ممتلئ, يمر تاكسي جماعي لكن الناس يتدافعون ولا تجد مكانا",الاثنين,نعم أحياناً,الحافلة لا تأتي في وقتها,المراح,زيادة عدد التاكسيات و الحافلات خاصة فالفترة ما بين 07-08 صباحا .. 
24/06/2026 21:49:14,المراح القلعة الكبرى,سيدي سالم حمام سوسة,3 الى 5 مرات,الصباح 07:00–09:00,15-30 min,"يمر تاكسي جماعي ممتلئ, يمر تاكسي جماعي لكن الناس يتدافعون ولا تجد مكانا",الاثنين,لا  أبداً,,الصباح,
24/06/2026 21:49:22,المراح القلعة الكبرى,المنشية حمام سوسة,كل يوم,الصباح 07:00–09:00,15-30 min,"يمر تاكسي جماعي اتجاهه سهلول, يمر تاكسي جماعي لكن الناس يتدافعون ولا تجد مكانا",الاثنين,نادراً,التاكسي الجماعي أسرع,الصباح,Météo 
24/06/2026 22:01:54,دردور القلعة الكبرى,باب بحر,كل يوم,الصباح 07:00–09:00,more than 30 min,يمر تاكسي جماعي لكن الناس يتدافعون ولا تجد مكانا,الاثنين,نعم أحياناً,التاكسي الجماعي متوفر أكثر,7h du matin et dardour ,انو العباد زادة تتنظم و تتربي و توقف تستنى دورها موش ادز و تعارك و زادة تاكسيات لازمهم يطلعو يعبيو العباد من اخر محطة موش يدورو من المراح
24/06/2026 22:02:25,خزامة,باب بحر,كل يوم,الظهيرة 12:00–14:00,more than 30 min,"يمر تاكسي جماعي ممتلئ, يمر تاكسي جماعي لكن الناس يتدافعون ولا تجد مكانا",الاثنين,نعم أحياناً,الحافلة لا تأتي في وقتها,منتصف النهار  كل الاماكن صعية ,التكثير من سيارات الاجرة ومراقبة طريقة عملها بتوفر حرس في المحطات الكبرى مع القيام بتحذير لسائق الحافلات المتقاعصين
24/06/2026 22:14:27,دردور القلعة الكبرى,باب بحر,3 الى 5 مرات,الضحى 09:00–11:00,15-30 min,"يمر تاكسي جماعي ممتلئ, يمر تاكسي جماعي لكن الناس يتدافعون ولا تجد مكانا",الاثنين,نادراً,الحافلة لا تأتي في وقتها,دردور/ المراح,توفير حافلات في اوقات اكثر وتعليق اوقاتها ليعلمها المواطن
24/06/2026 22:19:53,المراح القلعة الكبرى,باب بحر,كل يوم,الصباح 07:00–09:00,5-15 min,يمر تاكسي جماعي ممتلئ,الاثنين,لا  أبداً,,Beb be7arr,Man3rch
24/06/2026 22:29:12,سير عويتي القلعة الكبرى,المنشية حمام سوسة,كل يوم,الصباح 07:00–09:00,15-30 min,"يمر تاكسي جماعي ممتلئ, لا يمر تاكسي جماعي لفترة طويلة, يمر تاكسي جماعي لكن الناس يتدافعون ولا تجد مكانا",الاثنين,لا  أبداً,,,
24/06/2026 22:33:06,سير عويتي القلعة الكبرى,باب بحر,3 الى 5 مرات,الصباح 07:00–09:00,more than 30 min,يمر تاكسي جماعي لكن الناس يتدافعون ولا تجد مكانا,الاثنين,نعم أحياناً,التاكسي الجماعي متوفر أكثر,,
24/06/2026 22:45:49,الحي الجديد (مخبزة زايد) القلعة الكبرى,باب بحر,كل يوم,الصباح 07:00–09:00,more than 30 min,"يمر تاكسي جماعي ممتلئ, لا يمر تاكسي جماعي لفترة طويلة, يمر تاكسي جماعي لكن الناس يتدافعون ولا تجد مكانا",الاثنين,نادراً,التاكسي الجماعي أسرع,الوقت صباحا و مساءا على ساعة 16 مساءا الى 18 تقريبا و مكان الاصعب باب بحر ,تكثيف التكسيات تجاه القلعة الكبرى و حرص عليهم
24/06/2026 22:57:47,الحي الجديد (مخبزة زايد) القلعة الكبرى,باب بحر,كل يوم,الصباح 07:00–09:00,more than 30 min,"يمر تاكسي جماعي ممتلئ, يمر تاكسي جماعي اتجاهه سهلول",الاثنين,نادراً,الحافلة لا تأتي في وقتها,الوقت بعد 7:30 يصعب ايجاد تاكسي ويصعب الركوب من أي مكان على طول الخط,تكثيف المراقبة على الطريق وفي عدة نقاط وتسليط العقوبات على المخالفين وردعهم بالقانون مع عدم التساهل معهم في ظل غياب ضماءرهم واللهفة والجشع
24/06/2026 23:26:08,معهد علي بورقيبة القلعة الكبرى,باب بحر,3 الى 5 مرات,الصباح الباكر 05:00–07:00,15-30 min,"يمر تاكسي جماعي ممتلئ, يمر تاكسي جماعي لكن الناس يتدافعون ولا تجد مكانا",الخميس,نعم أحياناً,التاكسي الجماعي أسرع,,
24/06/2026 23:27:18,(la poste) البريد  القلعة الكبرى,خزامة,3 الى 5 مرات,الصباح 07:00–09:00,15-30 min,يمر تاكسي جماعي لكن الناس يتدافعون ولا تجد مكانا,الاثنين,نادراً,الحافلة لا تأتي في وقتها,"7 صباحا ، 12 نهار, 5 مساء",زيادة عدد التاكسيات و التاكسي الي تتعدا فارغة تقف خاتر المشكلة أنو هوما كل صباح يتعاداو فارغين و يخيرو أنو يعبيو من محطة المراح و البوسطة لا و نقعدو نستناو حتى ساعة 
24/06/2026 23:30:49,قمعون أكودة,باب بحر,مرة أو مرتين,الصباح 07:00–09:00,15-30 min,"يمر تاكسي جماعي ممتلئ, يمر تاكسي جماعي لكن الناس يتدافعون ولا تجد مكانا",الاثنين,نادراً,التاكسي الجماعي أسرع,"7-10 et 16-18, men garnemsa hata lel menchia s3ib terkeb",
24/06/2026 23:30:55,المراح القلعة الكبرى,باب بحر,3 الى 5 مرات,الصباح 07:00–09:00,more than 30 min,"يمر تاكسي جماعي ممتلئ, يمر تاكسي جماعي اتجاهه سهلول, لا يمر تاكسي جماعي لفترة طويلة, يمر تاكسي جماعي لكن الناس يتدافعون ولا تجد مكانا",الاثنين,نادراً,الحافلة لا تأتي في وقتها,Mrah lundi 7:00,Yzidou f flous l blasa khali yosektou
24/06/2026 23:31:31,دردور القلعة الكبرى,باب بحر,كل يوم,الصباح 07:00–09:00,more than 30 min,يمر تاكسي جماعي لكن الناس يتدافعون ولا تجد مكانا,الاثنين,لا  أبداً,,8,عقوبات صارمة على سائقي التاكسي الذين لا يقفون و يفرضون وجهة اقصر لكي يمكنونك من الركوب
24/06/2026 23:41:38,دردور القلعة الكبرى,خزامة,3 الى 5 مرات,الصباح 07:00–09:00,more than 30 min,لا يمر تاكسي جماعي لفترة طويلة,الاثنين,نادراً,الحافلة لا تأتي في وقتها,"صباحا بين 7 و9 انطلاقا من دردور، ومساء بين 11:30 و 13:00, وبين 16:00 و18:30 مساء",عقوبات على المختلفين تصل لافتكاك الرخصة نهائيا
24/06/2026 23:56:59,معهد علي بورقيبة القلعة الكبرى,خزامة,3 الى 5 مرات,بعد الظهر 16:00–18:00,15-30 min,يمر تاكسي جماعي ممتلئ,السبت,نعم أحياناً,الحافلة لا تأتي في وقتها,13,نضمن 
24/06/2026 23:58:58,سير عويتي القلعة الكبرى,مفترق بانوراما,3 الى 5 مرات,الصباح 07:00–09:00,more than 30 min,"يمر تاكسي جماعي ممتلئ, يمر تاكسي جماعي لكن الناس يتدافعون ولا تجد مكانا",الاثنين,نعم أحياناً,الحافلة لا تأتي في وقتها,الفترة الصباحية من السابعة للتاسعة والاماكن الصعبة من بعد محطة المراح في اتجاه سوسة الى ما قبل محطة المنشية,توفير النقل العمومي وادراج مشروع الميترو الخفيف في المخطط الخماسي 2026\2030 
25/06/2026 00:01:25,المراح القلعة الكبرى,محطة مستشفى فرحات حشاد,3 الى 5 مرات,الصباح 07:00–09:00,less than 5 min,يمر تاكسي جماعي ممتلئ,الخميس,نادراً,التاكسي الجماعي أسرع,المراح ما بين الساعة السابعة و الثامنة ,تكثيف رحلات الحافلات
25/06/2026 00:02:41,سير عويتي القلعة الكبرى,باب بحر,مرة أو مرتين,الظهيرة 12:00–14:00,5-15 min,"يمر تاكسي جماعي ممتلئ, يمر تاكسي جماعي اتجاهه سهلول, لا يمر تاكسي جماعي لفترة طويلة, يمر تاكسي جماعي لكن الناس يتدافعون ولا تجد مكانا",الاثنين,نعم أحياناً,التاكسي الجماعي متوفر أكثر,صباحا دائما زحما في سر عويتي و المراح,زيادة الحافلات
25/06/2026 00:07:17,الوردة أكودة,باب بحر,كل يوم,الصباح 07:00–09:00,5-15 min,"يمر تاكسي جماعي ممتلئ, يمر تاكسي جماعي اتجاهه سهلول, يمر تاكسي جماعي لكن الناس يتدافعون ولا تجد مكانا",الاثنين,نعم أحياناً,التاكسي الجماعي أسرع,,اكثر تاكسي و إنشاء محطات اضافية
25/06/2026 00:11:50,المراح القلعة الكبرى,مفترق موبلاتكس حمام سوسة,كل يوم,الصباح الباكر 05:00–07:00,5-15 min,يمر تاكسي جماعي اتجاهه سهلول,الخميس,نعم أحياناً,التاكسي الجماعي أسرع,wa9t 6.30,ni9traeh mra9ba lil taxiyatt w fardh 5atiya maliya li kol man ytajawez il9anoun m3a tawfir ro5s lzyadit 3dad iltaxyat
25/06/2026 02:03:45,الحي الجديد (مخبزة زايد) القلعة الكبرى,خزامة,3 الى 5 مرات,الصباح 07:00–09:00,more than 30 min,يمر تاكسي جماعي لكن الناس يتدافعون ولا تجد مكانا,الاثنين,نادراً,,7:30 lel 10:00,Le3bad taamel flouss ou techri kraheb 5ater femach hal
25/06/2026 02:06:26,محطة مستشفى فرحات حشاد,المراح القلعة الكبرى,مرة أو مرتين,الضحى 09:00–11:00,more than 30 min,يمر تاكسي جماعي ممتلئ,الثلاثاء,نادراً,التاكسي الجماعي أسرع,محطة مستشفى فرحات حشاد و محطة باب بحر خاصة وقت الضحى و الظهيرة و محطة المراح في الصباح,تكثيف النقل الجماعي في هذا الخط
25/06/2026 02:53:08,المراح القلعة الكبرى,باب بحر,3 الى 5 مرات,الصباح 07:00–09:00,more than 30 min,"يمر تاكسي جماعي ممتلئ, يمر تاكسي جماعي لكن الناس يتدافعون ولا تجد مكانا",الاثنين,نعم أحياناً,التاكسي الجماعي أسرع,,
25/06/2026 03:30:52,سير عويتي القلعة الكبرى,باب بحر,3 الى 5 مرات,بعد الظهر 16:00–18:00,less than 5 min,يمر تاكسي جماعي ممتلئ,الاثنين,نعم أحياناً,الحافلة لا تأتي في وقتها,الحي الجديد,حافلات في وقتها 
25/06/2026 06:14:04,دردور القلعة الكبرى,محطة مستشفى فرحات حشاد,كل يوم,بعد الظهر 16:00–18:00,15-30 min,يمر تاكسي جماعي ممتلئ,الاثنين,نعم أحياناً,التاكسي الجماعي متوفر أكثر,وقت الذروة,تغيير فى وقت الدخول او الخروج
25/06/2026 06:28:05,دردور القلعة الكبرى,باب بحر,مرة أو مرتين,الصباح 07:00–09:00,15-30 min,يمر تاكسي جماعي لكن الناس يتدافعون ولا تجد مكانا,الاثنين,نعم أحياناً,التاكسي الجماعي أسرع,اتجاه محطة الرئيسية طفالة ,تنضيم الوقت والانضباط مزيد توفيروسائل النقل والتخفيض في التعريفة
25/06/2026 08:01:12,معهد علي بورقيبة القلعة الكبرى,باب بحر,مرة أو مرتين,الصباح 07:00–09:00,more than 30 min,"يمر تاكسي جماعي ممتلئ, يمر تاكسي جماعي لكن الناس يتدافعون ولا تجد مكانا",الاثنين,نعم أحياناً,التاكسي الجماعي متوفر أكثر,08h ,تطبيقة تشبه تطبيقة ال UBER  تسمح للناس  بالتنسيق بين بعضهم البعض(الذين لديهم سيارات و الذين ليس لديهم ) بمقابل محدد مسبقا  لتعزيز فرص التنقل و تنقيص وقت الانتضار  
25/06/2026 08:02:03,دردور القلعة الكبرى,باب بحر,مرة أو مرتين,الصباح 07:00–09:00,5-15 min,يمر تاكسي جماعي لكن الناس يتدافعون ولا تجد مكانا,الاثنين,نادراً,التاكسي الجماعي أسرع,باب بحر وقت العودة من العمل مساء,مراقبة السائقين ومعاقبة المخالفين
25/06/2026 08:20:08,سير عويتي القلعة الكبرى,باب بحر,كل يوم,الصباح 07:00–09:00,15-30 min,يمر تاكسي جماعي لكن الناس يتدافعون ولا تجد مكانا,الاثنين,نادراً,الحافلة لا تأتي في وقتها,7:30,تكثيف الحافلات وقت الذروة
25/06/2026 08:24:36,المراح القلعة الكبرى,باب بحر,كل يوم,الصباح 07:00–09:00,more than 30 min,"يمر تاكسي جماعي ممتلئ, يمر تاكسي جماعي اتجاهه سهلول, لا يمر تاكسي جماعي لفترة طويلة, يمر تاكسي جماعي لكن الناس يتدافعون ولا تجد مكانا",الاثنين,نادراً,التاكسي الجماعي أسرع,المراح من الساعة 7:30 في ما فوق,توفير رقابة أكثر، شرطة المرور في كل محطة 
25/06/2026 08:38:27,سير عويتي القلعة الكبرى,مفترق بانوراما,كل يوم,الصباح 07:00–09:00,more than 30 min,"يمر تاكسي جماعي ممتلئ, يمر تاكسي جماعي اتجاهه سهلول, لا يمر تاكسي جماعي لفترة طويلة, يمر تاكسي جماعي لكن الناس يتدافعون ولا تجد مكانا",الاثنين,نعم أحياناً,الحافلة لا تأتي في وقتها,أوقات الذروة: صباحا في إتجاه سوسة/سهلول .. ظهرا و مساءا في الإتجاه المعاكس. (من باب بحر إلى القلعة) ,الحل هو ربط معتمديات سوسة بمترو الساحل أي من النفيضة مرورا بسيدي بوعلي و القلعة الكبرى/الصغرى ... وصولا إلى باب بحر ... أيضا تفعيل خطة السير في إتجاه واحد بالمراح و بن عيسى لتفادي الإكتضاض و تركيز مكان مخصص لوقوف الحافلات و سيارات التاكسي فقط عند المحطات
25/06/2026 08:45:23,الحي الجديد (مخبزة زايد) القلعة الكبرى,باب بحر,3 الى 5 مرات,الصباح 07:00–09:00,15-30 min,"يمر تاكسي جماعي ممتلئ, يمر تاكسي جماعي لكن الناس يتدافعون ولا تجد مكانا",الاثنين,نعم أحياناً,الحافلة لا تأتي في وقتها,Cite nouvel,Covoiturage 
25/06/2026 08:54:58,الحي الجديد (مخبزة زايد) القلعة الكبرى,باب بحر,كل يوم,الصباح 07:00–09:00,15-30 min,"يمر تاكسي جماعي ممتلئ, يمر تاكسي جماعي اتجاهه سهلول, يمر تاكسي جماعي لكن الناس يتدافعون ولا تجد مكانا",الاثنين,لا  أبداً,,المراح والحي الجديد,تغيير منظومة الخطوط الحالية، وإحداث محطة مركزية مختلفة في المدينة، والإعتماد على سيارات التاكسي أجرة داخل المدينة
25/06/2026 09:21:08,معهد علي بورقيبة القلعة الكبرى,محطة مستشفى فرحات حشاد,كل يوم,الصباح 07:00–09:00,more than 30 min,يمر تاكسي جماعي لكن الناس يتدافعون ولا تجد مكانا,الاثنين,نعم أحياناً,الحافلة لا تأتي في وقتها,وقت الذروة الذهاب والرجوع من العمل,اقترح احترام الساءق للركاب لانه يشترط عليك ان تخلص تعريفة الدخول الى وسط البلاد المراح او دردور ثم تزيد تخلصو تعريفة الذهاب الى سوسة هذا ان لم يقل لك ساءصل الى حمام سوسة فقط تضطر تعاود تاخد تاكسي اخرى وكل يوم هكا اثقل كاهلنا كثيرا علما اني من المندرة اخذ تاكسي النقل القلعة قلعة ثم تاكسي سوسة خلال السنتين الاخيرتين مرضنا من النقل خاصة عدم وجود حافلات وفي المرواح كيف كيف انشاء الله ترجع الحافلات بكثرة ويرجعو ساءقي التاكسي الجماعي يقرقو بينا باش نركبو معاهم 
25/06/2026 09:31:38,المراح القلعة الكبرى,باب بحر,3 الى 5 مرات,الصباح 07:00–09:00,more than 30 min,"يمر تاكسي جماعي ممتلئ, يمر تاكسي جماعي اتجاهه سهلول, لا يمر تاكسي جماعي لفترة طويلة, يمر تاكسي جماعي لكن الناس يتدافعون ولا تجد مكانا",الاثنين,لا  أبداً,,الكل,Tramway 
25/06/2026 09:34:36,المراح القلعة الكبرى,المراح القلعة الكبرى,3 الى 5 مرات,بعد الظهر 16:00–18:00,more than 30 min,يمر تاكسي جماعي ممتلئ,الاثنين,نعم أحياناً,التاكسي الجماعي متوفر أكثر,المحطه,ادخال التاكسي المفرد اللي بالكونتير
25/06/2026 10:30:44,سير عويتي القلعة الكبرى,باب بحر,كل يوم,الصباح 07:00–09:00,15-30 min,"يمر تاكسي جماعي ممتلئ, يمر تاكسي جماعي لكن الناس يتدافعون ولا تجد مكانا",الاثنين,نادراً,التاكسي الجماعي أسرع,,
25/06/2026 10:41:30,(la poste) البريد  القلعة الكبرى,باب بحر,مرة أو مرتين,الصباح 07:00–09:00,5-15 min,يمر تاكسي جماعي لكن الناس يتدافعون ولا تجد مكانا,الاثنين,نعم أحياناً,التاكسي الجماعي أسرع,,
25/06/2026 10:42:14,معهد علي بورقيبة القلعة الكبرى,باب بحر,كل يوم,الصباح 07:00–09:00,more than 30 min,يمر تاكسي جماعي ممتلئ,الاثنين,لا  أبداً,,8h et 17h ,نقل خاص لتلاميذ المعاهد و العمال حتى ينخفض الضغط على التاكسي الجماعي 
25/06/2026 10:42:53,الحي الجديد (مخبزة زايد) القلعة الكبرى,باب بحر,كل يوم,الصباح 07:00–09:00,more than 30 min,يمر تاكسي جماعي ممتلئ,الاثنين,لا  أبداً,,Sousse beb bhar ,
25/06/2026 11:25:36,قمعون أكودة,قمعون أكودة,كل يوم,الصباح 07:00–09:00,more than 30 min,"يمر تاكسي جماعي ممتلئ, يمر تاكسي جماعي لكن الناس يتدافعون ولا تجد مكانا",الاثنين,لا  أبداً,,Gamaaoun 8h ,
25/06/2026 11:40:48,المراح القلعة الكبرى,بدرينو حمام سوسة ,كل يوم,الصباح 07:00–09:00,15-30 min,"يمر تاكسي جماعي ممتلئ, لا يمر تاكسي جماعي لفترة طويلة, يمر تاكسي جماعي لكن الناس يتدافعون ولا تجد مكانا",الاثنين,نعم أحياناً,الحافلة لا تأتي في وقتها,,
25/06/2026 11:45:56,محطة مستشفى فرحات حشاد,قمعون أكودة,مرة أو مرتين,الضحى 09:00–11:00,15-30 min,"يمر تاكسي جماعي ممتلئ, يمر تاكسي جماعي لكن الناس يتدافعون ولا تجد مكانا",الجمعة,نعم أحياناً,التاكسي الجماعي أسرع,وقت خروج او دخول عمال و طلاب ,
25/06/2026 11:46:32,المراح القلعة الكبرى,باب بحر,كل يوم,الصباح 07:00–09:00,more than 30 min,يمر تاكسي جماعي ممتلئ,الخميس,نعم أحياناً,الحافلة لا تأتي في وقتها,,
25/06/2026 12:13:55,قمعون أكودة,باب بحر,كل يوم,الصباح 07:00–09:00,15-30 min,"يمر تاكسي جماعي ممتلئ, يمر تاكسي جماعي لكن الناس يتدافعون ولا تجد مكانا",الاثنين,نعم أحياناً,الحافلة لا تأتي في وقتها,صباحا ,زيادة عدد الرحلات بالخافلة و بهذه الطريقة نمنع جشع التاكسيات الذي يفرض عليك حمام سوسة 
25/06/2026 12:21:28,(la poste) البريد  القلعة الكبرى,باب بحر,3 الى 5 مرات,الصباح 07:00–09:00,15-30 min,"يمر تاكسي جماعي ممتلئ, لا يمر تاكسي جماعي لفترة طويلة, يمر تاكسي جماعي لكن الناس يتدافعون ولا تجد مكانا",الاثنين,نعم أحياناً,التاكسي الجماعي متوفر أكثر,الحي الجديد 08:00,
25/06/2026 12:33:44,المراح القلعة الكبرى,محطة مستشفى فرحات حشاد,3 الى 5 مرات,الصباح 07:00–09:00,more than 30 min,"يمر تاكسي جماعي ممتلئ, يمر تاكسي جماعي لكن الناس يتدافعون ولا تجد مكانا",الاثنين,نادراً,التاكسي الجماعي متوفر أكثر,,سيارة شخصية 
25/06/2026 12:46:18,المراح القلعة الكبرى,باب بحر,كل يوم,الصباح 07:00–09:00,more than 30 min,يمر تاكسي جماعي لكن الناس يتدافعون ولا تجد مكانا,الاثنين,نعم أحياناً,التاكسي الجماعي أسرع,,
25/06/2026 12:49:30,معهد علي بورقيبة القلعة الكبرى,باب بحر,3 الى 5 مرات,الصباح الباكر 05:00–07:00,more than 30 min,يمر تاكسي جماعي لكن الناس يتدافعون ولا تجد مكانا,الاثنين,نعم أحياناً,الحافلة لا تأتي في وقتها,معهد علي بورڨيبة 14,تقسيم اللواجات حسب المحطات
25/06/2026 12:50:30,المراح القلعة الكبرى,خزامة,مرة أو مرتين,الصباح 07:00–09:00,5-15 min,"يمر تاكسي جماعي ممتلئ, يمر تاكسي جماعي اتجاهه سهلول, يمر تاكسي جماعي لكن الناس يتدافعون ولا تجد مكانا",الاثنين,نادراً,التاكسي الجماعي أسرع,المراح,الرقابة
25/06/2026 12:57:24,الحي الجديد (مخبزة زايد) القلعة الكبرى,المراح القلعة الكبرى,مرة أو مرتين,الصباح 07:00–09:00,more than 30 min,يمر تاكسي جماعي لكن الناس يتدافعون ولا تجد مكانا,الاثنين,لا  أبداً,,المراح صباحا,تكثير التاكسيات واصحاب التاكسي يركبو العباد الكل موش بالوجوه
25/06/2026 12:57:27,سيدي سالم حمام سوسة,باب بحر,مرة أو مرتين,الصباح 07:00–09:00,less than 5 min,يمر تاكسي جماعي ممتلئ,الاثنين,نعم أحياناً,التاكسي الجماعي أسرع,,
25/06/2026 13:28:09,الوردة أكودة,باب بحر,كل يوم,الصباح 07:00–09:00,more than 30 min,"يمر تاكسي جماعي ممتلئ, يمر تاكسي جماعي اتجاهه سهلول, لا يمر تاكسي جماعي لفترة طويلة, يمر تاكسي جماعي لكن الناس يتدافعون ولا تجد مكانا",الأحد,نادراً,الحافلة لا تأتي في وقتها,,
25/06/2026 13:28:55,الحي الجديد (مخبزة زايد) القلعة الكبرى,المنشية حمام سوسة,كل يوم,الصباح 07:00–09:00,more than 30 min,يمر تاكسي جماعي ممتلئ,الاثنين,نعم أحياناً,الحافلة لا تأتي في وقتها,الصباح و العشية قي كل المناطق,مراقبة التكاسي التي لا تخترم رخصها 
25/06/2026 13:54:46,قمعون أكودة,قمعون أكودة,كل يوم,الصباح الباكر 05:00–07:00,15-30 min,يمر تاكسي جماعي لكن الناس يتدافعون ولا تجد مكانا,الاثنين,لا  أبداً,,Gam3oun,One linge 
25/06/2026 14:06:52,المراح القلعة الكبرى,باب بحر,3 الى 5 مرات,الصباح 07:00–09:00,15-30 min,"يمر تاكسي جماعي ممتلئ, يمر تاكسي جماعي لكن الناس يتدافعون ولا تجد مكانا",الاثنين,نادراً,الحافلة لا تأتي في وقتها,De 7h au 10h ,Covoiturage 
25/06/2026 14:23:55,سير عويتي القلعة الكبرى,المنشية حمام سوسة,مرة أو مرتين,الظهيرة 12:00–14:00,less than 5 min,لا يمر تاكسي جماعي لفترة طويلة,الاثنين,نعم أحياناً,التاكسي الجماعي متوفر أكثر,باب بحر 5 مساء,زيادة في الأسطول 
25/06/2026 14:25:36,معهد علي بورقيبة القلعة الكبرى,محطة مستشفى فرحات حشاد,3 الى 5 مرات,الصباح 07:00–09:00,more than 30 min,يمر تاكسي جماعي ممتلئ,الاثنين,نادراً,التاكسي الجماعي أسرع,08h00 محطة علي بورقيبة,تعيين اعوان شرطة لتسهيل الحركة المرورية
25/06/2026 14:40:28,معهد علي بورقيبة القلعة الكبرى,خزامة,3 الى 5 مرات,الصباح 07:00–09:00,more than 30 min,"يمر تاكسي جماعي ممتلئ, يمر تاكسي جماعي لكن الناس يتدافعون ولا تجد مكانا",الجمعة,نادراً,التاكسي الجماعي أسرع,kalaa ,zidou les taxi 
25/06/2026 15:28:11,المراح القلعة الكبرى,باب بحر,كل يوم,الصباح 07:00–09:00,more than 30 min,يمر تاكسي جماعي لكن الناس يتدافعون ولا تجد مكانا,الاثنين,نعم أحياناً,التاكسي الجماعي متوفر أكثر,07,
25/06/2026 15:28:38,(la poste) البريد  القلعة الكبرى,باب بحر,كل يوم,الصباح 07:00–09:00,more than 30 min,يمر تاكسي جماعي لكن الناس يتدافعون ولا تجد مكانا,الاثنين,نادراً,التاكسي الجماعي أسرع,اوقات ذروة و مكان القلعة كل,نعملو قانون صارم لتاكسيات إلي يهزو كان الحمام سوسة 
25/06/2026 15:38:24,قمعون أكودة,مفترق بانوراما,3 الى 5 مرات,الصباح 07:00–09:00,15-30 min,"يمر تاكسي جماعي ممتلئ, يمر تاكسي جماعي لكن الناس يتدافعون ولا تجد مكانا",الاثنين,لا  أبداً,,,
25/06/2026 16:39:22,دردور القلعة الكبرى,باب بحر,3 الى 5 مرات,الصباح 07:00–09:00,15-30 min,"يمر تاكسي جماعي ممتلئ, يمر تاكسي جماعي اتجاهه سهلول, يمر تاكسي جماعي لكن الناس يتدافعون ولا تجد مكانا",الثلاثاء,نعم أحياناً,التاكسي الجماعي أسرع,,
25/06/2026 17:16:21,معهد علي بورقيبة القلعة الكبرى,باب بحر,مرة أو مرتين,الصباح 07:00–09:00,more than 30 min,يمر تاكسي جماعي ممتلئ,الاثنين,نادراً,التاكسي الجماعي متوفر أكثر,,الإكثار  من الحافلات خاصة للطلبة 
25/06/2026 17:37:05,معهد علي بورقيبة القلعة الكبرى,قمعون أكودة,كل يوم,الصباح 07:00–09:00,15-30 min,لا يمر تاكسي جماعي لفترة طويلة,الاثنين,لا  أبداً,,8:30 القلعة الكبرى,الزامية السائق باحترام الافتة قلعة الكبرى سوسة وان لا يختزل الطريق الحمام سوسة
25/06/2026 19:43:51,باب بحر,خزامة,مرة أو مرتين,المساء 18:00–20:00,15-30 min,يمر تاكسي جماعي لكن الناس يتدافعون ولا تجد مكانا,الاثنين,نعم أحياناً,الحافلة لا تأتي في وقتها,,
25/06/2026 19:45:28,معهد علي بورقيبة القلعة الكبرى,خزامة,3 الى 5 مرات,بعد الظهر 16:00–18:00,5-15 min,يمر تاكسي جماعي ممتلئ,الاثنين,لا  أبداً,,Hamem sousse,Plus de taxis 
25/06/2026 20:30:39,المراح القلعة الكبرى,باب بحر,مرة أو مرتين,الصباح 07:00–09:00,أكثر من 30 دقيقة,"يمر تاكسي جماعي ممتلئ, يمر تاكسي جماعي لكن الناس يتدافعون ولا تجد مكانا",الاثنين,نعم أحياناً,التاكسي الجماعي أسرع,,